wavelength,cloudy_day,snow_and_sun,partly_cloudy_day
Date,09/01/2019,19/01/2017,01/10/2019
Time,12:00:00,12:00:00,12:00:00
Memo,A180 I00,A180 I00,A180 I00
Sensor,MS-711,MS-711,MS-711
Exposure Time(msec),200,100,100
Sensor Temp.(deg),24.4,24.4,25.2
Power(V),5.9,5.9,5.9
Wavelength(nm),Irradiance(W/m2/um),Irradiance(W/m2/um),Irradiance(W/m2/um)
288.46,0,0,0
288.89,0,0,0
289.33,0,0,0
289.77,0,0,0
290.2,0,0,0
290.64,0,0,0
291.07,0,0,0
291.51,0,0,0
291.95,0,0,0
292.38,0,0,0
292.82,0,0,0
293.25,0,0,0
293.69,0,0,0
294.12,0,0,0
294.56,0,0,0
295,0.17,1.58,2.82
295.43,0.44,1.89,3.22
295.87,0.56,1.11,3.11
296.3,0.06,1.44,3.44
296.74,0.28,1.54,4.07
297.17,0.49,1.52,3.58
297.61,0.42,1.47,4.4
298.04,0.11,0.63,5.06
298.48,-0.27,1.49,4.7
298.91,0.16,2.1,5.46
299.35,0.36,1.88,5.52
299.78,0.1,1.54,6.38
300.22,0.05,1.23,7.57
300.65,0.26,1.94,7.97
301.09,0.56,2.62,9.59
301.52,0.76,2.24,11.21
301.96,0.41,2.79,12.08
302.39,0.67,3.18,14.16
302.83,0.96,3.33,14.94
303.26,1.04,3.75,16.69
303.7,0.79,3.26,19.04
304.13,0.6,4.28,20.91
304.57,1.23,4.91,23.49
305,1.57,5.2,26.39
305.43,1.32,5.18,28.65
305.87,1.51,5.05,31.95
306.3,1.84,6.31,34.54
306.74,2.39,7.37,37.53
307.17,2.8,7.82,41.5
307.61,2.83,8.78,45.06
308.04,3.45,9.81,49.13
308.47,4.08,10.76,53.31
308.91,4.54,12.2,56.73
309.34,4.82,13.03,61.94
309.78,5.19,14.82,66.45
310.21,6.25,16.45,71.35
310.64,7.16,18.27,76.56
311.08,7.66,19.85,81.38
311.51,8.54,21.07,87.3
311.95,9.65,23.64,92.09
312.38,10.74,25.86,95.91
312.81,11.89,27.79,101.93
313.25,12.76,30.04,107.74
313.68,13.96,32.14,113.01
314.11,15.28,34.66,117.5
314.55,16.46,37.37,121.85
314.98,17.41,39.33,126.38
315.41,18.55,42.34,131.25
315.85,20.11,44.78,135.06
316.28,21.79,47.7,140.82
316.71,23.08,50.92,146.25
317.15,24.48,52.88,150.97
317.58,25.82,55.87,154.53
318.01,27.17,58.42,156.14
318.45,28.66,61.39,161.12
318.88,29.82,63.69,165.85
319.31,31.32,65.88,169.79
319.75,32.78,68.77,173.22
320.18,33.94,71.39,175.21
320.61,34.98,73.45,178.31
321.05,35.84,75.96,180.6
321.48,37.35,78.33,181.87
321.91,39.08,81.69,186.09
322.34,40.76,85.96,190.47
322.78,42.33,89.06,194.79
323.21,43.82,92.45,198.03
323.64,45.5,95.56,200.78
324.07,47.32,99.23,206.38
324.51,49.1,103.07,212.94
324.94,51.13,106.08,217.89
325.37,53.13,110.25,223.67
325.8,55,114.09,228.7
326.24,56.72,117.7,234.45
326.67,58.24,120.99,240.01
327.1,60.04,123.81,244.54
327.53,62.1,127.24,251
327.97,64.05,131.27,258.54
328.4,65.44,133.38,263.36
328.83,66.58,135.29,267.43
329.26,67.48,136.05,268.99
329.69,68.42,137.65,272.37
330.13,69.06,139.25,275.25
330.56,69.69,139.58,275.77
330.99,70.37,141.05,277.01
331.42,70.97,142.25,277.94
331.85,71.11,142.73,277.59
332.29,71.01,142.64,277.52
332.72,71.15,141.99,276.1
333.15,71.44,142.39,276.51
333.58,71.6,143.02,277.29
334.01,71.44,142.52,275.69
334.44,71.11,142.21,274.54
334.88,70.95,141.95,272.39
335.31,70.88,142.16,270.78
335.74,70.88,143.11,270.59
336.17,71.08,143.37,269.38
336.6,71.51,145.01,270.13
337.03,72.21,146.66,271.66
337.46,72.7,148.03,272.56
337.9,72.89,148.98,274
338.33,73.5,149.61,275.13
338.76,74.26,151.62,277.78
339.19,74.9,153.65,280.56
339.62,75.39,154.85,282.34
340.05,75.97,155.96,284.48
340.48,76.71,157.25,286.73
340.91,77.37,158.47,288.58
341.35,77.72,159.4,291.18
341.78,78.04,159.41,292.71
342.21,78.44,160.04,294.41
342.64,78.92,160.75,296.24
343.07,79.11,161.01,296.68
343.5,78.87,160.97,297.14
343.93,78.94,160.42,297.35
344.36,79.18,161.25,297.87
344.79,79.3,161.94,298.92
345.22,79.25,161.91,298.76
345.65,79.28,162.09,299.46
346.08,79.6,162.71,300.06
346.51,79.77,163.71,300.37
346.94,79.85,164.73,301.42
347.38,80.09,165.41,302.32
347.81,80.7,167.32,304.05
348.24,81.61,169.39,306.93
348.67,82.34,171.27,309.32
349.1,82.83,172.97,312.55
349.53,83.58,173.97,315.55
349.96,84.42,175.97,318.53
350.39,84.85,177.31,321.08
350.82,85.26,178.44,322.76
351.25,86.22,180.5,326.27
351.68,87.55,183.11,330.64
352.11,88.57,185.43,334.09
352.54,89.32,187.47,338.28
352.97,90.34,188.83,342.98
353.4,91.14,189.6,346.44
353.83,91.54,189.43,348.74
354.26,91.56,188.73,350.09
354.69,91.42,188.43,351.74
355.12,91.59,188.04,353.46
355.55,91.03,186.99,351.81
355.98,89.91,185.35,348.91
356.41,89.17,184.29,346.67
356.84,88.77,183.79,345.15
357.27,88.7,183.35,344.66
357.7,88.31,182.99,343.22
358.13,87.94,182.84,342.9
358.55,88.01,182.85,343.59
358.98,87.84,182.47,342.77
359.41,87.65,182.46,341.76
359.84,87.27,182.94,340.57
360.27,87.37,184.79,341.07
360.7,88.41,187.38,343.96
361.13,89.29,190.17,345.86
361.56,90.13,192.84,348.69
361.99,91.4,196.27,353.23
362.42,93.17,200.15,359.39
362.85,95.1,203.76,366.51
363.28,96.7,207.45,372.86
363.71,98.23,211.41,379.57
364.14,100.2,215.51,388.02
364.56,101.86,218.82,394.57
364.99,103.27,221.35,400.07
365.42,104.51,224.15,405.26
365.85,105.93,227.62,411.83
366.28,107.99,231.13,420.09
366.71,109.4,233.87,426.04
367.14,110.37,235.94,430.44
367.57,111.47,238.47,436.24
368,112.39,240.42,441
368.42,113.48,241.54,445.78
368.85,113.87,242.22,448.34
369.28,114.13,242.66,451.13
369.71,114.66,243.02,454.95
370.14,114.52,241.45,455.7
370.57,113.67,238.55,452.76
371,112.55,236.16,449.79
371.42,111.33,234.32,446.85
371.85,110.62,232.33,444.81
372.28,109.52,230.42,440.21
372.71,108.19,228.73,434.88
373.14,107.42,228.1,431.62
373.57,106.79,227.8,429.37
373.99,106.43,226.95,426.44
374.42,106.13,227.23,424.74
374.85,106.04,228.76,424.62
375.28,106.78,231.12,427.15
375.71,107.27,232.41,428.44
376.14,107.82,233.55,429.14
376.56,108.55,235.65,431.71
376.99,109.44,238.32,436.45
377.42,110.67,240.34,441.04
377.85,111.43,241.61,444.86
378.28,112.05,242.88,448.2
378.7,112.65,243.7,452.2
379.13,112.76,243.27,454.63
379.56,112.57,240.96,454.86
379.99,111.68,237.86,453.43
380.41,110.49,234.89,451.98
380.84,109.34,232.08,449.31
381.27,107.58,227.75,442.86
381.7,105.52,222.78,434.38
382.13,103.63,219.67,426.56
382.55,101.66,217.01,419.38
382.98,100.28,214.71,412.35
383.41,98.96,212.96,406.05
383.84,97.87,211.99,401.27
384.26,97.23,212.08,398.06
384.69,96.69,212.03,395.19
385.12,96.34,211.93,392.52
385.55,96.18,212.75,391.05
385.97,96.4,215.21,391.8
386.4,97.33,218.97,394.13
386.83,98.42,222.4,396.72
387.25,99.87,225.87,400.67
387.68,101.69,230.55,407.12
388.11,103.42,235.38,414.57
388.54,105.45,239.48,422.94
388.96,107.29,242.62,430.94
389.39,108.91,245.32,439.21
389.82,110.37,247.65,446.89
390.24,111.11,248.48,452.38
390.67,111.51,247.65,455.32
391.1,111.42,246.54,457.12
391.53,111.16,246.13,458.18
391.95,110.98,246.17,458.24
392.38,110.55,245.75,456.72
392.81,110.32,244.95,454.74
393.23,110.26,245.25,453.58
393.66,110.09,245.35,454.03
394.09,110.09,244.99,454.13
394.51,109.77,243.78,454.09
394.94,109.4,243.3,453.83
395.37,109.11,244.66,452.91
395.79,108.97,247.13,451.46
396.22,109.67,251.04,451.23
396.65,111.26,257.7,453.5
397.07,113.99,267.37,461.56
397.5,118.02,278.9,474.11
397.93,122.55,290.03,490.16
398.35,127.61,300.8,508.79
398.78,132.87,312.44,530.07
399.21,137.64,323.44,551.88
399.63,142.35,333.86,573.01
400.06,146.74,343.28,591.39
400.48,151.03,353.2,610.62
400.91,155.77,364.31,630.25
401.34,159.97,374.13,648.85
401.76,164.17,381.62,666.88
402.19,167.97,388.45,684.63
402.62,171.16,394.17,701.66
403.04,173.85,398.68,716.78
403.47,175.44,400.38,726.44
403.89,176.41,400.61,732.95
404.32,176.99,401.72,737.43
404.75,176.81,402.06,739.93
405.17,176.54,401.41,739.61
405.6,176.05,400.46,737.75
406.02,175.74,399.7,737.41
406.45,175.66,400.63,738.53
406.88,175.25,400.7,737.63
407.3,174.95,400.09,735.34
407.73,174.83,399.95,734.1
408.15,174.75,401.24,735.22
408.58,174.95,402.84,736.21
409,175.25,403.89,736.17
409.43,175.9,405.48,738.09
409.86,176.73,408.39,741.37
410.28,177.3,411.43,744.5
410.71,178.27,414.13,747.63
411.13,179.3,416.51,751.05
411.56,180.47,419,757.41
411.98,182.02,422.97,765.2
412.41,183.11,425.63,770.02
412.83,184.14,427.36,774.77
413.26,185.25,429.25,780.04
413.69,186.2,431.83,786.47
414.11,187.09,434.48,791.09
414.54,187.98,436.16,794.19
414.96,189.06,437.29,798.48
415.39,190.01,439.45,804.41
415.81,190.13,439.65,806.92
416.24,190.05,439.45,808.32
416.66,189.93,438.7,809.44
417.09,189.78,438.05,811.6
417.51,189.76,439.15,813.73
417.94,189.43,438.78,812.44
418.36,189.43,438,811.41
418.79,189.38,438.1,811.76
419.21,189.12,438,811.63
419.64,188.8,438.62,811.06
420.06,188.42,437.43,809.42
420.49,188.58,436.33,810.24
420.91,188.55,436.11,811.31
421.34,187.69,435.81,809.65
421.76,187.05,435.27,807.01
422.19,186.62,435.08,805.47
422.61,186.38,434.53,804.71
423.04,186.39,435.16,805.63
423.46,186.04,435.15,804.44
423.89,185.9,433.72,803.8
424.31,185.57,433.15,803.89
424.74,184.64,431.64,802.44
425.16,183.65,429.92,799.88
425.59,182.74,427.33,796.12
426.01,181.99,424.2,792.76
426.43,181.21,422.29,790.25
426.86,179.29,419.59,784.41
427.28,177.64,416.76,778.66
427.71,176.03,413.21,772.87
428.13,174.46,408.87,766.46
428.56,172.89,405.6,761.06
428.98,170.79,402.28,752.82
429.41,169.29,399.5,743.96
429.83,168.05,397.87,736.94
430.25,166.45,396.34,728.98
430.68,165.62,396.47,723.87
431.1,165.31,397.05,719.79
431.53,165.65,398.42,718.69
431.95,166.15,401.01,720.83
432.38,166.04,403.02,721.76
432.8,166.43,406.06,722.24
433.22,167.46,409.53,724.26
433.65,168.48,412.76,727.14
434.07,170.09,417.84,733.33
434.5,171.7,423.4,739.42
434.92,174.04,429.61,746.45
435.34,176.62,435.08,757.03
435.77,177.97,438.31,766.07
436.19,179.2,440.87,773.75
436.62,180.41,442.56,779.68
437.04,181.32,444.22,784.3
437.46,181.97,446.06,789.13
437.89,181.81,446.96,790.85
438.31,182.01,448.71,790.51
438.74,182.56,450.93,792.27
439.16,183.16,452.73,794.89
439.58,183.63,455.28,798.27
440.01,184.47,458.19,800.8
440.43,185.81,461.91,803.31
440.85,186.93,465.11,808.25
441.28,187.16,466.27,811.44
441.7,187.58,468.25,812.2
442.12,188.54,471.15,814.9
442.55,189.91,474.66,819.32
442.97,191.29,478.91,825.85
443.4,192.03,481.25,829.94
443.82,193.08,483.8,832.98
444.24,194.38,487.29,838.75
444.67,195.31,489.29,843.55
445.09,196.22,492.06,847.36
445.51,196.97,494.6,850.99
445.94,198.61,498.43,855.26
446.36,200.01,502.03,862.1
446.78,200.36,503.25,866.66
447.21,200.99,504.95,869.52
447.63,202.25,508.16,874.41
448.05,203.76,512.19,880.93
448.48,205.35,516.28,887.73
448.9,206.36,518.63,893.14
449.32,207.88,522.19,898.94
449.75,209.65,526.26,907.86
450.17,210.98,528.85,915.54
450.59,212,530.58,921.61
451.01,212.79,532.24,927.66
451.44,214.33,534.62,934.55
451.86,215.51,536.97,940.95
452.28,215.49,536.64,944.36
452.71,215.62,536.62,946.11
453.13,216.14,538.05,950.14
453.55,217.1,540.48,954.31
453.98,217.66,541.55,957.18
454.4,217.57,541.23,959.65
454.82,217.82,541.69,961.78
455.24,218.26,543.17,964.66
455.67,218.15,543.15,966.05
456.09,217.88,542.76,965.36
456.51,217.89,543.13,966.92
456.94,218.75,544.79,968.81
457.36,219.56,546.94,971.66
457.78,219.22,547.06,973.35
458.2,219.36,547.42,975.05
458.63,220.15,549.34,978.94
459.05,221.01,552.05,982.66
459.47,221.75,553.47,985.06
459.89,221.61,552.59,987.54
460.32,222.09,553.62,990.26
460.74,222.86,555.34,993.16
461.16,222.82,555.8,995.14
461.58,222.74,556.1,996.73
462.01,222.72,556.6,998.57
462.43,223.71,557.84,1001.4
462.85,224.13,559.15,1003.64
463.27,223.42,558.63,1004.47
463.7,223.1,557.77,1004.24
464.12,223.67,558.91,1004.54
464.54,223.87,560.16,1004.83
464.96,223.65,559.66,1004.62
465.38,222.88,557.01,1004.05
465.81,222.52,555.92,1003.37
466.23,222.53,556.69,1003.28
466.65,221.49,555.33,1001.41
467.07,220.23,553.59,998.12
467.5,219.61,552.14,995.06
467.92,220.01,551.51,993.46
468.34,220.14,551.52,993.88
468.76,218.71,550.38,992.01
469.18,218.31,549.3,989.97
469.61,218.73,550.29,989.81
470.03,218.89,552.3,989.61
470.45,218.66,552.88,989.36
470.87,218.3,551.89,989.58
471.29,218.74,552.45,990.55
471.72,219.37,554.67,992.53
472.14,219.02,555.51,993.94
472.56,218.63,555.95,993.87
472.98,218.97,555.89,994.39
473.4,220.65,557.53,998.42
473.83,221.32,559.36,1002.14
474.25,220.03,559.01,1001.74
474.67,219.82,559.56,1001.03
475.09,220.81,561.1,1002.72
475.51,221.2,563.32,1005.08
475.93,221.28,563.66,1005.57
476.36,220.52,561.5,1005.2
476.78,220.94,561.94,1008.56
477.2,221.67,564.72,1012.56
477.62,220.91,566.15,1011.99
478.04,220.2,565.91,1011.09
478.46,220.65,565.82,1011.41
478.89,221.97,567.71,1015.27
479.31,222.24,569.3,1018.53
479.73,220.75,569.01,1017.49
480.15,220.62,569.36,1019.09
480.57,221.83,571.13,1022.58
480.99,222.41,571.57,1024.37
481.41,221.96,570.64,1023.44
481.84,220.86,567.74,1020.56
482.26,220.63,566.91,1022.07
482.68,220.94,566.67,1023.8
483.1,219.72,565.19,1020.1
483.52,218.41,560.74,1014.88
483.94,217.44,555.89,1012.47
484.36,217.21,552.07,1008.07
484.78,215.65,548.81,1001.18
485.21,212.61,544.45,989.97
485.63,210.66,540.98,982.28
486.05,210.09,538.94,976.9
486.47,209.17,536.96,967.97
486.89,208.02,534.72,960.6
487.31,206.3,532.63,955.65
487.73,206.19,532.07,954.34
488.15,206.46,533.68,954.62
488.57,205.75,536.29,951.99
489,205.07,536.95,951.1
489.42,205.86,537.28,953.61
489.84,207.05,539.92,954.8
490.26,207.6,542.78,955.08
490.68,206.9,545.6,957.07
491.1,207.53,549.07,962.77
491.52,209.79,552.2,970.6
491.94,211.38,555.27,973.54
492.36,211.92,556.82,977.92
492.78,211.99,557.22,983.56
493.2,212.59,558.08,988.6
493.63,213.37,560.04,991.15
494.05,212.8,561.23,990.8
494.47,212.59,561.73,992.5
494.89,212.85,559.8,994.92
495.31,213.81,559.81,994.06
495.73,213.36,560.32,992.65
496.15,211.79,560.36,991.35
496.57,211.44,560.08,991.79
496.99,212.41,559.17,991.64
497.41,212.3,557.28,987.31
497.83,211.26,555.14,985.49
498.25,209.4,552.07,982.9
498.67,208.55,549.86,978.18
499.09,207.62,547.74,973.98
499.51,205.91,546.25,967.03
499.93,204.98,543.91,961.39
500.36,203.98,540.66,956.94
500.78,203.62,537.66,949.22
501.2,202.14,535.78,942.4
501.62,199.42,535.03,935.62
502.04,198.1,533.09,929.1
502.46,198.16,530.74,924.96
502.88,197.99,529.81,919.32
503.3,196.94,529.45,914.49
503.72,195.43,529.8,911.7
504.14,195.22,530.02,908.24
504.56,195.49,530.42,908.93
504.98,195.04,531.23,907.33
505.4,195.28,532.31,906.88
505.82,195.71,532.94,909.2
506.24,196.29,533.2,910.43
506.66,196.79,533.78,911.47
507.08,195.78,536.57,912.74
507.5,196.39,538.14,915.63
507.92,197.79,538.28,921.22
508.34,199.36,539.53,925.35
508.76,199.94,541.62,929.52
509.18,200.24,544.69,936.09
509.6,201.27,546.16,942.15
510.02,202.33,545.58,947.73
510.44,202.65,546.42,952.4
510.86,203.45,547.72,955.96
511.28,204.3,548.2,962.82
511.7,205.35,547.48,967.22
512.12,205.64,546.69,969.38
512.54,205.09,547.85,971.66
512.96,205.07,547.91,974.78
513.38,205.82,545.24,978.3
513.8,206.11,542.23,978.67
514.22,205.41,540.52,976.19
514.64,203.79,539.3,976.53
515.06,202.61,535.72,973.69
515.48,201.36,529.59,969.37
515.9,199.39,526.05,962.94
516.32,198.25,524.16,957.06
516.74,197.27,521.97,952.78
517.16,196.58,519.34,946.8
517.58,195.4,516.96,939.17
518,193.64,517.03,934.77
518.42,192.94,517.45,932.7
518.84,193.34,516.36,931.3
519.26,193.55,515.9,928.08
519.67,193.58,517.13,926.54
520.09,193.05,521.09,928.44
520.51,193.44,522.78,930.81
520.93,194.03,522.2,929.6
521.35,194.28,524.41,931.42
521.77,195.17,527.93,934.94
522.19,196.49,531.17,940.52
522.61,197.77,532.86,943.86
523.03,198.32,533.21,946.26
523.45,198.09,535.49,953.01
523.87,198.3,536.74,958.32
524.29,199.01,535.91,960.13
524.71,199.29,533.15,960.01
525.13,198.77,532.75,960.5
525.55,197.65,534.57,961.51
525.97,196.64,534.3,959.46
526.38,196.51,530.93,955.67
526.8,196.23,530.5,954.91
527.22,196.51,532.36,956.83
527.64,197,534.13,957.57
528.06,197.37,534.79,957.07
528.48,197.19,533.95,958.58
528.9,196.86,536.04,962.21
529.32,196.65,537.23,963.63
529.74,197.19,536.51,962.48
530.16,198.07,536.15,963.68
530.58,198,537.13,965.71
531,197.52,541.5,968.47
531.41,197.37,541.68,969.34
531.83,197.69,540.01,970.44
532.25,198.64,540.11,973.43
532.67,198.97,541.91,975.74
533.09,199.15,544.67,976.2
533.51,199.14,544.27,977.74
533.93,198.97,542.05,978.5
534.35,198.29,542.55,979.29
534.77,198.09,543.15,977.98
535.18,198.16,541.42,975.97
535.6,198.83,540.34,975.03
536.02,198.38,540.01,975.03
536.44,197.29,541.29,973.81
536.86,196.73,541.18,972.8
537.28,197.04,538.03,971.81
537.7,197.54,536.04,971.25
538.12,197.71,536.58,970.63
538.54,197.1,537.96,969.27
538.95,196.74,536.31,967.9
539.37,196.22,532.62,966.55
539.79,195.47,531.63,962.57
540.21,194.43,530.98,960.05
540.63,194.26,530.24,957.59
541.05,194.55,528.64,954.79
541.47,194.08,527.08,953.12
541.88,192.75,528.78,953.26
542.3,192.37,529.03,952.37
542.72,192.63,527.34,951.59
543.14,193.02,526.95,950.84
543.56,193.22,528.36,951.13
543.98,192.7,531.61,952.16
544.4,192.8,531.43,951.8
544.81,192.95,529.43,952.5
545.23,192.8,530.26,953.92
545.65,192.65,531.47,956.05
546.07,192.72,532.21,957.54
546.49,194.22,532.55,957.71
546.91,194.38,531.27,959.21
547.32,193.15,532.69,961.65
547.74,192.94,533.13,961.27
548.16,193.23,531.71,960.44
548.58,194.04,532.04,960.88
549,194.16,532.3,963.44
549.42,193.67,533.62,963.82
549.83,193.69,533.47,961.9
550.25,193.82,531.08,961.03
550.67,193.41,531.84,963.49
551.09,193,532.33,963.61
551.51,193.07,533.33,963.75
551.93,194.38,533.25,962.48
552.34,194.53,531.8,964.86
552.76,193.17,532.46,966.55
553.18,193.12,532.47,965.69
553.6,193.72,531.99,964.43
554.02,194.27,532.88,966.33
554.43,193.94,531.84,966.96
554.85,192.88,531.87,966.53
555.27,192.51,530.96,961.63
555.69,192.28,527.73,961.73
556.11,191.13,526.41,962.13
556.52,190.01,525.37,960.36
556.94,189.61,525.74,956.69
557.36,190.34,524.57,954.58
557.78,189.41,520.97,953.17
558.2,187.71,519.77,951.38
558.61,186.76,519.27,946.35
559.03,186.64,518.03,945.39
559.45,186.77,517.65,945
559.87,186.35,515.19,944.3
560.28,185.13,514.53,941.46
560.7,185.14,514.72,939.22
561.12,184.87,512.76,939.33
561.54,184.37,512.49,941.43
561.96,183.7,512.77,939.16
562.37,183.54,514.32,938.98
562.79,184.93,514.71,939.76
563.21,184.76,511.48,939.69
563.63,183.13,511.5,940.2
564.04,183.08,512.16,938.68
564.46,183.51,512.85,939.9
564.88,183.79,512.73,940.71
565.3,183.45,510.8,938.85
565.71,182.19,510.31,936.96
566.13,181.82,509.99,936.19
566.55,181.72,508.44,935.68
566.97,180.66,507.83,934.21
567.38,179.98,506.71,931.42
567.8,179.55,506.66,929.92
568.22,180.74,505.81,929.05
568.64,180.9,502.39,927
569.05,178.88,500.31,924.44
569.47,178.32,499.77,922.2
569.89,178.74,500.74,920.91
570.31,179.08,500.77,920.93
570.72,178.75,497.42,919.39
571.14,177.74,496.22,920.21
571.56,177.86,496.43,920.09
571.98,178.09,496.36,920.43
572.39,177.39,496.38,919.85
572.81,176.8,495.11,918.8
573.23,176.82,495.57,919.4
573.65,178.18,496.47,920.34
574.06,178.11,495.27,920.01
574.48,176.11,493.83,921.76
574.9,175.67,494.73,922.21
575.31,176.27,497.34,922.16
575.73,176.7,498.12,922.42
576.15,176.34,494.57,922
576.57,175.24,494.25,920.87
576.98,175.29,495.26,920.31
577.4,175.32,496.42,917.37
577.82,174.85,496.75,920.32
578.23,174.53,495.3,919.62
578.65,174.57,496.73,919.88
579.07,176.29,498.33,919.48
579.49,176.66,498.15,920.37
579.9,175.16,497.7,920.8
580.32,175.42,498.94,920.99
580.74,176.77,502.83,920.22
581.15,177.92,504.82,924.21
581.57,178.15,503.56,925.97
581.99,177.88,504.54,928.76
582.4,178.38,507.36,929.94
582.82,179.15,509.4,931.35
583.24,179.08,510.88,933.02
583.66,179.1,508.95,934.38
584.07,179.35,510.03,930.97
584.49,180.79,511.41,932.83
584.91,180.77,510.06,931.92
585.32,178.8,508.65,930.49
585.74,178.17,506.54,926.46
586.16,178.44,507.51,922.98
586.57,178.6,506.09,920.4
586.99,177.6,500.66,914.6
587.41,175.84,497.22,905.6
587.82,175.47,495.81,900.3
588.24,174.86,495.69,893.44
588.66,173.75,493.85,886.88
589.07,172.9,489.54,879
589.49,172.58,488.35,873.96
589.91,173.4,488.89,871.56
590.32,173.12,488.37,867.7
590.74,171.25,487.9,862.1
591.16,170.74,486.22,858.46
591.57,171.7,487.34,856.87
591.99,172.77,488.04,856.94
592.41,172.67,486.37,855.06
592.82,171.6,486.3,854.47
593.24,172.1,488.93,857.44
593.66,172.69,492.56,860.4
594.07,172.39,493.54,860.3
594.49,172.7,490.99,861.87
594.91,172.93,491.45,864.89
595.32,173.98,493.27,869.08
595.74,173.9,493.99,870.34
596.15,172.22,493.52,869.73
596.57,171.79,491.77,873.69
596.99,172.54,491.58,875.22
597.4,173.19,492.23,876.94
597.82,172.5,490.98,876.15
598.24,171.06,490.17,876.65
598.65,171.17,490.95,878.38
599.07,171.24,492.7,878.87
599.49,170.51,492.17,877.27
599.9,170.26,487.72,879.01
600.32,170.32,487.19,881.42
600.73,171.15,488.98,883.06
601.15,171.09,491.14,883.21
601.57,169.78,490.94,883.36
601.98,169.62,488.49,884.78
602.4,170.52,489.32,886
602.82,171.7,490.54,885.4
603.23,171.45,490.39,887.25
603.65,170.65,490.65,889.18
604.06,170.98,490.72,892.75
604.48,171.55,491.5,893.21
604.9,171.11,491.36,894.21
605.31,171.45,489.16,895.67
605.73,171.45,488.71,897.32
606.14,172.46,490.66,897.18
606.56,172.09,493.4,897.67
606.98,170.56,492.31,897.9
607.39,169.89,489.85,898.75
607.81,170.48,489.65,898.11
608.22,171.18,491.28,897.43
608.64,170.83,491.16,897.03
609.06,169.08,490.8,895.9
609.47,169.11,489.36,894.34
609.89,169.23,489.98,893.32
610.3,168.56,489.36,890.79
610.72,168.14,487.67,889.37
611.14,168.1,486.96,887.9
611.55,168.63,487.4,887.12
611.97,168.72,488.6,885.91
612.38,167.04,488.08,884.27
612.8,166.89,485.09,882.39
613.21,167.49,484.8,881.19
613.63,168.41,484.37,879.53
614.05,168.02,485.42,878.07
614.46,166.57,484.53,876.8
614.88,166.48,482.63,876.6
615.29,166.59,482.74,876.2
615.71,166.36,483.32,876.05
616.12,166.33,483.59,873.22
616.54,166.47,483.68,872.47
616.96,167.59,484.37,872.65
617.37,167.71,485.68,872.12
617.79,166.76,486.5,871.7
618.2,166.59,485.63,872.39
618.62,167.26,485.81,873.67
619.03,168.27,487.01,874.09
619.45,167.83,489.27,874.07
619.86,167.04,489.85,873.55
620.28,166.97,487.79,874.16
620.7,167.49,488.1,874.58
621.11,167.62,488.74,873.16
621.53,167.99,488.8,871.2
621.94,167.88,487.66,872.14
622.36,168.44,486.13,872.22
622.77,168.09,486,871.35
623.19,166.76,485.9,869.29
623.6,165.82,483.67,868.44
624.02,165.82,481.02,865.74
624.43,166.14,479.7,862.72
624.85,165.34,479.38,858.71
625.26,163.57,478.67,857.47
625.68,163.32,474.45,856.95
626.1,163.18,472.43,855.52
626.51,162.79,472.53,853.21
626.93,162.89,472.6,851.69
627.34,162.34,471.51,850.88
627.76,162.54,468.77,849.49
628.17,162.35,468.77,844.93
628.59,161.29,468.8,844.48
629,161.11,467.44,844.2
629.42,161.56,466.28,843.73
629.83,162.28,466.72,842.82
630.25,162.15,469.06,843.07
630.66,161.11,470.56,843.92
631.08,161.23,468.93,844.44
631.49,161.89,468.62,842.68
631.91,162.25,471.18,842.03
632.32,162.85,474.68,843.57
632.74,163.11,475.35,844.58
633.15,163.58,474.43,845.05
633.57,163.95,476.48,845.27
633.98,163.39,479.07,847.9
634.4,163.72,480.28,849.57
634.81,164.31,481.37,849.04
635.23,165.66,482.31,847.79
635.64,165.5,485.32,848.39
636.06,164.62,486.47,848.45
636.47,164.61,485.2,848.76
636.89,165.46,484.2,847.07
637.3,166.37,485.59,846.97
637.72,166.89,487.96,846.9
638.13,166.44,487.68,845.86
638.55,166.35,484.29,841.72
638.96,166.15,483.32,838.42
639.38,165.14,483.52,835.59
639.79,164.82,483.06,833.28
640.21,164.75,482.15,828.32
640.62,165.17,480.39,826.84
641.04,164.63,480.19,823.89
641.45,163.05,479.81,820.91
641.86,162.35,477.88,817.46
642.28,162.56,475.61,813.56
642.69,162.68,474.91,809.17
643.11,162.45,476.97,805.66
643.52,161.44,475.99,800.95
643.94,161.01,472.72,798.85
644.35,160.59,471.57,795.19
644.77,159.7,472.56,792.37
645.18,159.31,473.32,788.93
645.6,159.5,472.87,785.34
646.01,159.82,470.94,780.78
646.43,159.42,470.98,777.99
646.84,158.18,471.27,773.61
647.25,157.75,470.86,772.28
647.67,158.08,469.8,770.7
648.08,158.95,470.05,769.48
648.5,159.12,472.37,768.95
648.91,158.83,473.73,769.88
649.33,159.37,471.99,771.21
649.74,159.76,472.84,772.78
650.16,159.86,475.07,773.7
650.57,160.63,478.3,778.03
650.98,161.33,479.09,782.45
651.4,162.7,478.13,787.15
651.81,163.22,478.99,792.44
652.23,162.81,479.99,797.44
652.64,162.91,479.47,802.44
653.06,163.59,478.6,806.14
653.47,164.4,477.15,808.8
653.88,164.73,477.71,811.65
654.3,164.02,476.88,813.73
654.71,164.08,474.63,815.44
655.13,164.05,473.06,817.32
655.54,163.72,474.23,819.42
655.95,164.26,476.62,823.23
656.37,164.84,477.45,826.69
656.78,165.97,475.79,829.38
657.2,166.7,477.05,833.51
657.61,166.22,479.39,838.25
658.03,166.47,481.37,842
658.44,167.52,483.03,845.51
658.85,169,484.61,849.17
659.27,169.82,487.83,854.56
659.68,169.64,490.85,857.7
660.1,170.11,491.97,861.26
660.51,170.81,493.4,863.29
660.92,170.89,495.51,865.78
661.34,171.2,498.86,866.31
661.75,170.66,498.15,864.38
662.17,171.03,494.4,861.19
662.58,170.28,492.68,856.86
662.99,167.98,491.98,849.99
663.41,165.75,490.48,841.15
663.82,164.81,488.02,831.25
664.23,164.43,484.31,822.55
664.65,163.01,482.69,813.96
665.06,161.09,481.59,805.56
665.48,159.68,480.2,796.62
665.89,158.89,478.12,791.12
666.3,157.92,476.66,784.42
666.72,157.26,476.94,779.13
667.13,156.59,476.07,773.2
667.55,157.04,473.24,769.33
667.96,156.82,472.55,766.83
668.37,155.24,472.91,764.27
668.79,154.91,474.33,762.44
669.2,155.13,474.39,763.05
669.61,156.18,473.23,763.6
670.03,156.47,473.93,765.27
670.44,156.15,475.61,767.01
670.85,156.58,476.91,770.09
671.27,157.64,478.36,774.06
671.68,158.4,478.9,778.16
672.1,159.28,481.05,781.67
672.51,159.96,482.57,787.33
672.92,161.63,483.53,793.45
673.34,162.87,485.2,800.54
673.75,162.81,487.42,806.64
674.16,163.48,490.45,812.17
674.58,165.06,491.99,819
674.99,166.64,491.66,826.36
675.4,167.72,493.08,832.38
675.82,168.23,496.26,840.2
676.23,169.51,499.6,848.91
676.64,171.18,501.83,857.06
677.06,172.11,502.4,863.28
677.47,173.05,504.02,869.25
677.88,173.9,505.74,875.61
678.3,175.33,506.19,881.59
678.71,175.98,507.72,886.4
679.12,175.68,508.47,889.1
679.54,175.8,509.82,891.73
679.95,176.51,509.66,893.54
680.36,177.34,507.42,895.64
680.78,177.2,507.12,896.21
681.19,176.25,507.26,895.99
681.6,175.81,507.85,895.83
682.02,175.65,505.57,893.22
682.43,174.76,500.93,888.12
682.84,173.74,496.69,883.46
683.26,172.58,493.12,879.55
683.67,172.03,488.22,874.42
684.08,170.53,482.63,867.34
684.49,167.92,475.6,860.49
684.91,165.51,468.72,851.94
685.32,163.4,461.16,843.22
685.73,161.29,451.56,832.53
686.15,158.73,444.37,822.77
686.56,155.68,437.89,811.49
686.97,153.11,433.9,801.33
687.39,151.45,428.92,790.9
687.8,149.97,422.11,782.01
688.21,148.58,418.84,773.91
688.62,147.23,416.81,767.45
689.04,147.21,416.22,761.31
689.45,146.6,416.34,756.47
689.86,145.29,416.01,753.04
690.28,145.44,418.83,750.78
690.69,146.3,422.87,748.73
691.1,148.13,426.43,749.18
691.51,149.36,430.66,750.88
691.93,150.26,436.52,753.64
692.34,151.83,444,757.38
692.75,154.32,449.69,762.62
693.17,156.51,451.99,765.92
693.58,158.02,455.2,769.75
693.99,159.02,458.6,771.74
694.4,160.68,462.45,775.17
694.82,161.73,465.04,778.48
695.23,161.42,465.35,778.94
695.64,162.24,466.99,779.34
696.05,163.04,469.03,780.17
696.47,164.1,469.17,779.73
696.88,164.06,467.78,778.75
697.29,162.67,466.9,774.72
697.7,162.16,467.98,771.84
698.12,162.07,466.91,769.16
698.53,161.67,461.97,764.67
698.94,160.8,458.98,760.33
699.35,159.76,457.58,757.26
699.77,159.29,459.39,755.1
700.18,158.87,458.53,753.1
700.59,157.25,454.17,748.4
701,156.67,453.58,743.63
701.42,156.65,453.92,742.44
701.83,157.07,453.35,741.22
702.24,156.38,453.15,740.26
702.65,154.81,451.78,739.3
703.07,153.96,454.77,741.75
703.48,155.04,456.32,745
703.89,156.08,455.68,747.37
704.3,156.81,456.94,749.91
704.71,156.82,459.77,753.44
705.13,157.25,465.04,756.64
705.54,157.89,467.07,760.07
705.95,157.79,464.76,761.7
706.36,158.55,465.12,765.17
706.78,159.25,468.61,769.1
707.19,160.29,469.39,771.87
707.6,160.09,469.6,772.76
708.01,158.86,468.61,773.58
708.42,158.61,470.02,774.15
708.84,159.42,470.67,775.77
709.25,160.73,468.54,774.15
709.66,160.62,467.42,775.41
710.07,159.65,466.97,775.91
710.48,159.03,469.23,776.31
710.9,159.65,469.25,776.32
711.31,159.23,463.48,775.35
711.72,159.44,462.11,774.69
712.13,159.59,463.21,774.24
712.54,160.08,463.74,770.58
712.96,159.46,461.07,768.44
713.37,157.38,455.83,765.1
713.78,155.89,453.76,761.87
714.19,155.92,450.71,756.1
714.6,155.81,445.87,747.02
715.02,154.86,440.96,737.71
715.43,152.36,435.52,727.52
715.84,150.68,432.3,713.13
716.25,149.81,427.26,699.1
716.66,148.13,417.97,684.83
717.07,146.39,411.4,669.35
717.49,144.93,408.34,655.04
717.9,144.29,407.29,641.24
718.31,142.8,402.62,629.07
718.72,140.17,395.44,619.33
719.13,138.29,392.94,607.53
719.55,138.19,392.91,598.6
719.96,139.21,391.7,591.53
720.37,139.22,391.86,588.75
720.78,138.28,391.85,589.54
721.19,138.55,394.52,588.74
721.6,139.25,395.78,590.95
722.01,139.67,395.13,592.69
722.43,140.2,395.06,594.52
722.84,140.85,398.56,596.88
723.25,142.12,403.03,600.37
723.66,142.72,404.7,604.96
724.07,141.73,401.13,609.24
724.48,141.39,401.32,610.6
724.89,142.08,403.32,612.62
725.31,143.07,403.9,612.37
725.72,143.21,403.62,611.81
726.13,141.95,401.44,610.19
726.54,141.23,401.45,606.85
726.95,141.11,400.67,601.01
727.36,140.62,398.47,596.89
727.77,140.73,398.22,592.93
728.19,140.76,399.17,593.84
728.6,141.93,403.58,593.69
729.01,142.04,404.97,595.23
729.42,140.58,402.47,596.22
729.83,140.33,403.58,597.16
730.24,141.23,407.14,598.04
730.65,142.67,411.12,600.32
731.06,143.02,413.39,602.02
731.48,142.84,413.76,610.22
731.89,142.78,417,617.48
732.3,143.85,420.52,624.67
732.71,144.79,423.16,632.11
733.12,145.85,426.47,642.17
733.53,146.37,428.68,651.5
733.94,148.42,433.06,659.5
734.35,149.01,435.33,664.88
734.76,147.7,433.13,672.64
735.17,148.1,433.6,679.85
735.59,149.3,435.58,685.91
736,150.68,439.16,689.34
736.41,150.85,439.46,694.88
736.82,149.87,436.28,701.79
737.23,149.63,435.7,706.8
737.64,150.32,437.02,707.26
738.05,150.86,437.36,708.62
738.46,151.32,437.22,711.11
738.87,150.88,435.66,713.33
739.28,151.8,436.59,713.17
739.69,151.37,437.1,713.85
740.1,149.64,435.14,717.89
740.52,149.6,434.26,720.2
740.93,150.07,436.58,721.6
741.34,151.14,440.32,720.09
741.75,150.85,442,723.33
742.16,149.59,438.91,726.94
742.57,148.77,438.67,729.87
742.98,149.41,440.2,729.68
743.39,150.59,442.59,734.79
743.8,150.87,442.84,738.19
744.21,150.69,442.1,740.09
744.62,151.45,442.66,739.91
745.03,151.77,443.97,741.47
745.44,150.21,443.25,743.67
745.85,150.62,443.32,745.33
746.26,151.4,443.56,743.33
746.67,151.99,446.45,745.48
747.08,151.67,447.37,747.26
747.49,150.4,442.75,751.6
747.91,149.46,440.69,750.37
748.32,149.96,441.99,751.15
748.73,151.09,444.78,751.6
749.14,151.75,445.37,751.98
749.55,150.93,442.12,746.7
749.96,151.16,441.04,745.3
750.37,151.48,441.97,745.32
750.78,149.84,441.52,746.67
751.19,149.78,440.92,745.57
751.6,150.2,439.63,745.92
752.01,150.81,440.26,745.81
752.42,150.31,441.26,747
752.83,149.05,437.27,743.67
753.24,148.02,434.57,742.5
753.65,148.32,435.04,742.78
754.06,149.32,438.21,743.21
754.47,149.47,436.04,741.35
754.88,148.53,427.63,738.67
755.29,147.17,421.33,736.03
755.7,146.45,416.94,733.85
756.11,143.27,409.92,727.82
756.52,140.55,397.88,720.06
756.93,137.97,382.03,707.99
757.34,134.6,366.62,692.82
757.75,129.58,350,673.23
758.16,122.11,328.47,650.42
758.57,115.12,306.85,625.52
758.98,109.23,287.87,598.62
759.39,103.69,272.53,568.84
759.8,97.56,254.69,537.72
760.21,90.58,230.58,508.09
760.62,84.71,214.34,481.04
761.03,79.12,202.86,455.31
761.44,73.22,194.97,431.42
761.85,69.03,185.87,412.49
762.26,66.19,178.17,395.06
762.67,64.91,178.65,379.83
763.08,63.66,183.43,370.21
763.49,62.58,189,367.92
763.9,63.48,198.84,370.78
764.3,67.62,211.92,380.02
764.71,72.76,230.97,393.83
765.12,77.65,248.22,415.82
765.53,82.05,259.74,437.44
765.94,88.12,275.85,459.74
766.35,93.44,294.82,480.84
766.76,98.5,314.79,504.94
767.17,103.85,329.56,527.38
767.58,109.67,339.34,549.65
767.99,115.64,353.81,568.69
768.4,119.9,368.36,593.87
768.81,122.38,379.28,614.48
769.22,124.92,388.45,633.51
769.63,129,396.15,647.62
770.04,133.03,405.65,662.95
770.45,135.58,410.69,674.83
770.86,136.95,410.2,684.98
771.26,139.12,412.07,687.66
771.67,140.85,417.25,696.75
772.08,140.66,423.53,703.96
772.49,142.09,425.39,709.12
772.9,143.08,420.55,710.27
773.31,144.89,421.48,713.49
773.72,145.03,423.45,716.63
774.13,143.76,424.76,717.21
774.54,142.54,424.71,711.59
774.95,143.54,422.08,711.87
775.36,144.76,423.22,712.74
775.77,144.56,423.95,713.97
776.17,144.06,420.4,712.6
776.58,144.5,419.21,710.94
776.99,144.63,420.25,711.79
777.4,143.51,425.27,711.83
777.81,143.23,425.35,706.78
778.22,143.77,418.48,706.93
778.63,144.93,418.95,707.43
779.04,144.13,420.87,708.67
779.45,141.83,422.96,706.63
779.85,140.28,424.08,703.73
780.26,141.05,420.84,707.56
780.67,142.49,421.89,708.26
781.08,143,422.72,705.94
781.49,142.47,420.88,704.88
781.9,142.67,420.08,704.49
782.31,142.78,419.69,704.78
782.72,141.7,423.94,703.6
783.12,141.38,422.74,700.36
783.53,142.14,415.89,702.51
783.94,143.28,414.58,703.01
784.35,142.17,416.65,700.04
784.76,139.6,418.81,695.68
785.17,137.94,417.56,692.03
785.58,138.44,411.35,689.17
785.98,140.1,411.42,687.4
786.39,139.88,411.25,680.75
786.8,138.89,409.93,683.07
787.21,138.74,409.48,682.31
787.62,139.25,408.67,680.19
788.03,138.85,410.75,674.97
788.43,138.67,410.68,671.3
788.84,138.99,405.82,669.4
789.25,140.24,403.96,667.68
789.66,139.26,405.42,662.01
790.07,137.06,410.03,664.54
790.48,135.56,407.61,664.24
790.88,136.13,402.3,664.71
791.29,137.98,401.67,663.46
791.7,137.66,404.19,663.35
792.11,136.67,405.47,663.98
792.52,136.92,406.18,664.58
792.92,137.44,403.56,659.43
793.33,136.75,404.61,660.43
793.74,136.66,405.05,660.62
794.15,137.15,402.28,662.69
794.56,138.57,401.98,663.14
794.97,138.36,403.55,662.72
795.37,136,409.25,664.15
795.78,135.23,409.96,663.79
796.19,135.71,403.61,657.38
796.6,137.72,405.32,658.01
797,137.91,407.92,658.02
797.41,136.91,410.49,657.68
797.82,137.47,411.66,657.55
798.23,138.17,406.29,656.24
798.64,136.87,407.16,656.2
799.04,137.33,407.33,654.56
799.45,138.11,407.51,650.16
799.86,138.86,407.87,649.3
800.27,138.21,407.17,648.01
800.67,135.9,409.84,646.76
801.08,134.68,408.56,645.15
801.49,135.32,402.64,643
801.9,136.39,401.16,644.69
802.31,135.87,401.97,644.09
802.71,135.28,405.13,640.98
803.12,135.41,404.34,638.14
803.53,136.34,398.5,637.98
803.94,135.3,396.56,636.83
804.34,135.24,397.57,634.07
804.75,135.49,398.09,631.81
805.16,136.15,398.66,636.46
805.56,135.16,395.7,639
805.97,133.03,396.98,638.34
806.38,132.28,396.37,635.31
806.79,132.91,392.43,634.5
807.19,133.58,389.82,632.82
807.6,132.68,389.27,630.59
808.01,131.71,392.6,624.76
808.42,131.4,390.76,625.67
808.82,131.41,382.89,623.95
809.23,130.45,380.58,620.4
809.64,129.74,380.56,614.3
810.04,129.63,381.86,609.47
810.45,130.14,379.73,605.56
810.86,128.76,373.55,599.15
811.27,126.07,370.73,586.17
811.67,124.13,367.33,577.6
812.08,123.32,361.17,568.51
812.49,123.34,357.2,561.67
812.89,122.05,353.85,552.08
813.3,120,352.9,543.37
813.71,118.83,350.22,535.02
814.11,118.25,341.12,526.31
814.52,116.94,336.28,511.6
814.93,115.76,334.99,501.5
815.34,114.62,334.77,494.06
815.74,114.27,331.39,487.04
816.15,112.8,324.07,478.65
816.56,110.14,321.44,471.42
816.96,109.35,321.05,467.76
817.37,109.35,319.91,464.54
817.78,109.88,320.57,460
818.18,109.88,320.81,457.58
818.59,109.08,323.42,458.52
819,108.97,323.66,460.3
819.4,109.48,321.61,461.12
819.81,109.96,320.99,461.42
820.21,110.16,322.76,463.61
820.62,110.3,327.15,465.22
821.03,111.36,326.98,464.87
821.43,111.16,323.08,463.62
821.84,109.97,323.24,465.79
822.25,109.95,327.26,468.57
822.65,110.99,330.03,470.43
823.06,112.13,332.17,471.19
823.47,112.69,331.69,478.05
823.87,112.58,333.22,482.97
824.28,112.62,334.42,485.9
824.68,113.59,333.03,486.04
825.09,114.1,333.17,487.57
825.5,114.85,334.55,489.35
825.9,115.16,339.78,492.25
826.31,115.97,340.65,492.91
826.72,116.3,337.26,498.31
827.12,114.96,337.35,501.63
827.53,114.96,340.16,505.34
827.93,116.07,342.64,505.07
828.34,117.09,342.06,507.55
828.75,116.85,338.65,509.18
829.15,116.17,338.21,510.07
829.56,115.23,338.66,506.45
829.96,115.88,336.74,507.15
830.37,116.26,336.58,507.07
830.78,116.32,337.15,506.73
831.18,116.35,340.83,506.37
831.59,116.9,342.16,507.72
831.99,116.94,339.66,509.66
832.4,116.16,340.02,512.68
832.8,116.5,344.05,513.27
833.21,117.89,348.73,518
833.62,119.19,349.87,521.37
834.02,119.19,348.11,526.74
834.43,118.44,349.47,529.08
834.83,118.28,352.73,532.83
835.24,118.94,353.26,537.81
835.64,119.75,354.74,541.13
836.05,119.62,356.29,542.3
836.45,119.52,358.55,545.81
836.86,120.68,359.8,550.2
837.27,120.68,358.23,553.66
837.67,119.8,357.83,556.77
838.08,120.28,359.89,558.99
838.48,120.94,364.07,563.14
838.89,122.07,364.51,566.97
839.29,121.75,361.08,566.83
839.7,120.83,361.25,569.61
840.1,120.59,363.76,572.99
840.51,121.48,365.67,575.58
840.91,122.39,366.09,577.64
841.32,122.97,366.33,579.44
841.72,123.11,367.5,584
842.13,123.93,367.86,587.31
842.53,124.09,366.55,587.62
842.94,123.24,365.36,587.81
843.34,123.43,366.1,589.59
843.75,123.76,369.65,590.3
844.15,124.33,368.24,590.73
844.56,123.68,364.98,588.94
844.96,122.45,363.21,591.29
845.37,121.58,364.88,593.63
845.77,121.79,366.25,593.73
846.18,122,365.26,591.76
846.58,121.92,362.71,591.72
846.99,121.48,362.55,591.9
847.39,121.29,362.29,591.02
847.8,120.94,359.95,588.05
848.2,120.01,359.16,589.72
848.61,119.98,358.51,589.9
849.01,120.19,360.29,589
849.41,120.65,359.68,586.22
849.82,119.98,355.12,584.61
850.22,118.35,352.37,583.14
850.63,117.45,352.77,582.88
851.03,117.17,353.19,577.99
851.44,117.22,350.95,575.61
851.84,116.67,346.66,572.76
852.25,115.8,344.21,570.54
852.65,115.13,343.75,567.39
853.05,114.75,341.91,564.8
853.46,114.14,342.42,563.86
853.86,114.33,342.85,563.6
854.27,114.64,344.19,559.64
854.67,115.25,344.8,559.67
855.08,114.92,343.14,561.42
855.48,113.72,342.51,563.54
855.88,113.54,344.47,565.41
856.29,114.27,348.26,566.43
856.69,115.28,348.9,568.33
857.1,116.11,347.42,569.85
857.5,116.36,348.94,570.02
857.9,117.1,351.44,572.21
858.31,117.98,354.19,574.38
858.71,118.09,355.99,576.97
859.12,118.62,356.52,578.85
859.52,119.09,357.39,579.91
859.92,119.7,357.27,582.35
860.33,119.15,355.77,584.99
860.73,118.35,355.32,583.99
861.14,117.87,355.69,584.18
861.54,118.33,359.13,584.17
861.94,118.68,358.73,583.71
862.35,118.7,354.95,584.13
862.75,118.03,353.07,582.73
863.15,117.6,353.19,583.79
863.56,117.16,353.51,582.71
863.96,116.24,351.9,580.31
864.36,115.84,348.54,576.41
864.77,115.65,347.08,574.07
865.17,115.72,345.63,571.25
865.57,115.05,343.25,568.56
865.98,113.89,342.94,564.69
866.38,113.6,342.3,565.23
866.78,113.64,344.05,565.08
867.19,114.47,343.66,563.87
867.59,114.46,340.41,561.87
867.99,114.06,339.07,561.48
868.4,114.35,340.82,560.6
868.8,114.64,343.3,560.23
869.2,114.59,344.14,558.31
869.61,115.2,342.65,561.74
870.01,115.86,342.91,564.09
870.41,116.97,344.93,566.89
870.82,117,346.01,568.55
871.22,116.28,347.74,569.83
871.62,116.07,348.09,571.73
872.02,116.28,349.44,572.78
872.43,117.23,349.4,571.05
872.83,117.43,347.45,572.39
873.23,116.68,346.41,572.53
873.64,116.64,347.75,572.61
874.04,117.07,350.74,571.69
874.44,117.06,350.22,571.41
874.84,117.34,347.73,572.62
875.25,117.61,346.86,573.26
875.65,118.39,348.26,570.98
876.05,118.24,350.19,570.73
876.45,117.08,350.05,570.67
876.86,116.74,347.96,570.06
877.26,116.97,347.95,569.82
877.66,117.74,347.57,568.42
878.06,117.64,345.28,568.32
878.47,116.51,345.06,567.27
878.87,115.79,344.92,564.1
879.27,115.99,346.81,562.92
879.67,116.02,346.3,562.51
880.08,115.92,342.76,561.59
880.48,115.68,341.96,560.6
880.88,116.22,343.46,559.5
881.28,115.97,345.26,560.38
881.68,114.86,344.59,560.53
882.09,114.72,341.75,559.26
882.49,115.12,341.13,558.57
882.89,115.84,341.92,559.22
883.29,115.75,340.41,559.37
883.69,114.87,340.74,559.79
884.1,114.42,340.75,558.68
884.5,114.66,342.18,560.4
884.9,114.92,342.04,560.56
885.3,114.83,338.96,559.36
885.7,114.37,337.81,557.76
886.11,114.82,338.73,557.35
886.51,114.36,339.81,556.63
886.91,113.12,339.01,555.4
887.31,112.65,336.18,552.78
887.71,112.85,335.78,553.26
888.11,113.33,336.21,553.33
888.52,113.16,335.84,552.87
888.92,112.4,335.77,550.43
889.32,111.96,335.55,549.35
889.72,112.3,336.24,548.1
890.12,112.67,335.26,546.77
890.52,112.83,332.8,543.35
890.92,112.44,330.98,542.74
891.33,112.65,330.63,541.29
891.73,112.3,330.9,538.69
892.13,110.84,328.91,534.24
892.53,110.23,323.83,528.62
892.93,109.83,320.04,522.54
893.33,109.82,318.17,515.89
893.73,108.89,315.73,505.99
894.13,106.96,312.56,498.15
894.54,105.48,308.57,489.09
894.94,104.75,304.76,480.2
895.34,103.83,300.31,468.85
895.74,102.83,294.23,457.86
896.14,100.97,290.08,447.74
896.54,100.23,285.64,437.63
896.94,99.07,284.01,425.91
897.34,97.08,279.43,416.16
897.74,95.76,272.83,407.02
898.14,95.2,268.63,398.6
898.54,94.48,266.92,391.05
898.94,93.48,266.36,383.87
899.34,91.68,263.93,378.14
899.75,90.66,260.78,372.99
900.15,90.39,259.55,367.25
900.55,90.41,259.52,364.38
900.95,90.32,259.05,362.97
901.35,90.13,260.7,362.84
901.75,91.08,262.09,364.11
902.15,91.6,265.78,366.21
902.55,91.22,268,370.33
902.95,91.58,267.93,374.26
903.35,92.43,269.04,378.08
903.75,93.37,272.4,381.2
904.15,93.75,276.15,385.4
904.55,93.47,276.68,389.06
904.95,93.53,274.99,392.16
905.35,94.04,274.87,393.35
905.75,94.46,275.4,396.24
906.15,94.46,275.54,397.08
906.55,94.06,274.84,395.85
906.95,94.62,272.62,392.72
907.35,94.16,271.64,389.83
907.75,92.67,269.04,385.93
908.15,91.83,264.88,381.35
908.55,91.5,262.55,374.66
908.95,91.3,260.7,371.37
909.35,90.69,261.75,366.66
909.75,89.24,259.28,362.33
910.15,88.57,255.42,356.96
910.55,88.61,254,352.39
910.95,88.51,254.52,348.68
911.35,88.59,255,345.75
911.75,88.14,254.38,341.7
912.15,88.83,252.36,339.96
912.55,88.79,252.17,338.82
912.94,87.54,252.42,338.32
913.34,87.63,251.07,337.27
913.74,87.76,251.26,336.37
914.14,88.4,251.67,336.31
914.54,88.17,253.82,336.19
914.94,87.32,253.73,333.23
915.34,86.87,250.97,333.07
915.74,87.28,251.38,332.87
916.14,87.78,252.96,333.42
916.54,87.88,255.62,333.85
916.94,87.98,256.43,335.26
917.34,88.62,256.32,337.83
917.73,89.08,257.27,340.66
918.13,88.8,259.78,342.99
918.53,89.03,260.89,346.77
918.93,89.84,262.49,351.42
919.33,90.78,263.99,356.6
919.73,90.97,266.79,361.42
920.13,90.53,267.73,365.79
920.53,90.7,266.42,370.95
920.92,91.26,266.67,375.41
921.32,92.12,268.54,377.62
921.72,92.47,270.62,380.45
922.12,92.31,270.45,383.25
922.52,92.8,268.56,384.58
922.92,92.94,267.87,385.78
923.32,92.27,268.18,385.53
923.71,92.31,267.89,386.7
924.11,92.28,267.5,386.2
924.51,92.67,266.31,384.1
924.91,92.31,265.94,381.28
925.31,91.08,263.97,377.59
925.71,90.2,260.07,373.45
926.1,89.99,256.48,368.15
926.5,89.59,254.14,360.62
926.9,89.11,252.67,355.62
927.3,87.7,247.9,348.54
927.7,86.7,241.47,339.17
928.09,85.51,235.31,328.04
928.49,83.26,229.87,317.57
928.89,81.4,224.59,305.78
929.29,79.32,217.18,293.3
929.68,77.75,208.51,277.67
930.08,75.06,200.29,264.56
930.48,71.44,191.47,250.24
930.88,68.34,181,235.09
931.28,66.24,172.74,219.05
931.67,64.12,165.05,203.96
932.07,61.61,159.12,189.35
932.47,58.93,151.58,175.83
932.87,56.53,142.27,160.26
933.26,54.14,134.88,149.14
933.66,51.64,130.02,139
934.06,49.78,126.64,129.87
934.45,48.55,122.19,121.55
934.85,47.98,117.08,114.03
935.25,46.67,113.71,108.23
935.65,44.78,112.51,103.69
936.04,43.78,112.22,98.22
936.44,43.99,113.73,95.59
936.84,44.99,115.69,95.84
937.23,45.41,119.44,97.41
937.63,45.73,122.1,99.7
938.03,46.73,123.16,102.9
938.42,47.74,125.83,108.22
938.82,48.64,130.65,113.15
939.22,50,136.16,116.44
939.62,51.37,138.42,120.46
940.01,52.98,138.52,125.22
940.41,53.54,139.82,129.55
940.8,52.99,142.25,133.12
941.2,52.78,144.44,136.23
941.6,53.76,145.87,140.05
941.99,54.82,145.22,142.54
942.39,55.13,145.45,143.5
942.79,54.53,144.36,142.15
943.18,54.15,140.96,141.45
943.58,54.01,139.51,139.75
943.98,53.21,138.45,137.46
944.37,52.99,139.74,133.58
944.77,52.61,138.24,133.31
945.16,52.84,134.49,131.29
945.56,52.18,133.4,129.7
945.96,50.88,135.18,126.83
946.35,50.05,137.39,125.61
946.75,50.58,138.63,125.16
947.14,51.44,138.31,124.63
947.54,51.41,138.88,123.53
947.94,51.01,140.4,125.82
948.33,51.46,140.21,127.37
948.73,52.17,141.77,129.45
949.12,52.52,143.59,130.1
949.52,53.1,147.05,131.91
949.91,53.8,148.1,133.72
950.31,54.86,146.52,135.77
950.71,54.84,145.91,134.47
951.1,54.11,148.88,136.28
951.5,53.98,151.63,138.1
951.89,54.71,152.28,139.96
952.29,55.65,151.24,141.07
952.68,55.86,151.07,141.88
953.08,55.7,152.31,143.84
953.47,55.69,153.11,145.61
953.87,56.28,154.23,144.86
954.26,56.31,154.91,146.26
954.66,56.81,157.47,148.14
955.05,57.07,158.63,150.48
955.45,58.02,157.21,152.56
955.84,57.94,157.91,154.66
956.24,57.14,160.18,157.86
956.63,57.17,163.63,160.85
957.03,58.03,164.6,161.36
957.42,59.09,163.64,163.41
957.82,59.36,164.13,165.75
958.21,59.28,167.14,167.83
958.61,59.57,169.28,169.97
959,60.58,171.74,172.2
959.4,61.37,173.29,175.59
959.79,62.04,175.32,179
960.18,63.06,177.82,181.49
960.58,64.16,177.91,183.88
960.97,64.57,179.84,187.41
961.37,64.29,182.68,190.47
961.76,64.5,186.96,193.61
962.16,65.31,188.37,196.62
962.55,66.94,188.43,202.18
962.94,67.39,189.79,206.75
963.34,67.41,193.05,210.24
963.73,68,196.78,213.29
964.13,69.19,199.43,218.25
964.52,69.94,200.97,222.79
964.91,70.7,202.32,228.07
965.31,71.69,205.75,231.99
965.7,73.23,208.17,239.95
966.1,73.6,211.7,246.48
966.49,73.28,214.77,253.95
966.88,73.9,219.75,259.87
967.28,75.14,222.78,267.56
967.67,77.18,223.93,275
968.06,78.18,226.68,282.65
968.46,78.48,230.8,288.21
968.85,79.35,235.85,297.01
969.24,80.71,238.64,306.13
969.64,81.71,238.62,314.3
970.03,82.59,240,321.08
970.42,83.5,242.36,327.95
970.82,84.73,244.64,333.79
971.21,84.79,245.76,338.47
971.6,83.82,245.51,339.24
972,83.56,246.72,342.19
972.39,84.2,246.53,343.83
972.78,85.08,243.98,345.46
973.17,85,242.78,344.68
973.57,83.87,243.27,343.96
973.96,83.2,243.93,343.39
974.35,83.28,243.33,342.31
974.75,83.34,240.56,339.05
975.14,83.17,239.65,337.65
975.53,83.09,240.37,336.9
975.92,83.77,241.43,336.29
976.32,83.36,241.95,335.81
976.71,82.33,241.23,335.76
977.1,82,241.91,337.82
977.49,82.69,243.01,339.64
977.89,83.77,242.76,340.39
978.28,84.18,244.22,341.33
978.67,83.65,246.23,344.29
979.06,83.81,250.11,347.63
979.45,84.86,251.41,350.86
979.85,85.39,251.19,354.24
980.24,86.29,251.68,359.33
980.63,86.63,255,364.39
981.02,88.22,258.41,368.36
981.41,88.58,260.57,371.05
981.81,87.78,261.13,374.81
982.2,88.13,262.03,378.46
982.59,88.79,264.63,382.19
982.98,90.24,265.62,385.37
983.37,90.52,267.69,391.3
983.76,89.92,268.77,395.76
984.16,89.97,272.42,400.08
984.55,90.73,273.19,403.48
984.94,91.02,271.28,407.3
985.33,91.4,271.55,410.49
985.72,91.72,273.25,413.95
986.11,92.65,276.15,415.25
986.5,92.8,276.23,419.34
986.89,91.63,274.64,422.22
987.29,91.5,274.12,425.72
987.68,92.13,275.89,428.41
988.07,93,276.55,430.73
988.46,93.12,277.41,432.57
988.85,91.98,277.5,434.26
989.24,91.8,277.85,433.22
989.63,92.02,277.61,434.76
990.02,92.33,274.79,435.23
990.41,92.18,274.87,435.63
990.8,91.78,276.35,434.66
991.19,92.27,278.45,434.12
991.58,91.96,278.01,433.57
991.97,89.95,275.43,432.75
992.36,89.55,273.43,428.77
992.76,89.34,273.57,427.62
993.15,89.58,273.83,425.7
993.54,89.03,272.57,423.64
993.93,87.39,270.27,420.9
994.32,86.41,268.57,418.44
994.71,86.46,268.07,416.22
995.1,86.21,266.55,414.21
995.49,85.93,266.55,411.04
995.88,85.44,266.83,409.27
996.27,85.93,268.32,408.23
996.66,85.86,267.64,408.47
997.05,84.93,265.96,408.72
997.44,85.16,265.71,409.07
997.82,85.79,266.59,411.18
998.21,86.41,269.07,413.63
998.6,86.97,270.22,415.49
998.99,86.77,270.44,417.94
999.38,87.02,271.28,421.61
999.77,88.21,273.3,425.51
1000.16,89.32,274.63,430.37
1000.55,90.14,275.72,434.83
1000.94,90.94,277.15,441.36
1001.33,92.19,279.33,447.27
1001.72,92.99,279.94,453.07
1002.11,93.11,279.24,458.09
1002.5,93.74,280.17,463.12
1002.89,94.78,281.81,467.45
1003.27,95.79,283.54,471.8
1003.66,96.25,283.85,474.66
1004.05,96,282.66,479.31
1004.44,95.94,282.1,482.57
1004.83,96.42,282.99,485.69
1005.22,97.11,283.54,486.72
1005.61,97.39,283.67,488.18
1006,97.05,282.93,489.29
1006.38,97.44,283.22,489.66
1006.77,97.29,282.87,487.86
1007.16,96.66,280.89,488.74
1007.55,96.68,281.15,488.3
1007.94,96.91,281.55,487.75
1008.33,97.42,282.8,486.57
1008.71,97.1,281.66,486.07
1009.1,95.74,279.75,485.72
1009.49,95.25,279.07,485.26
1009.88,95.46,279.68,482.58
1010.27,95.9,280.66,482.25
1010.65,96.08,280.11,482.48
1011.04,95.62,278.71,483.05
1011.43,95.68,278.76,482.44
1011.82,95.62,279.2,481.4
1012.2,94.74,278.53,481.99
1012.59,94.67,278.89,482.15
1012.98,94.79,279.3,478.72
1013.37,94.97,280.59,477.81
1013.75,94.47,279.45,477.42
1014.14,93.31,277.31,478.36
1014.53,92.65,276.69,478.3
1014.92,93.44,278.6,477.72
1015.3,94.04,280.96,478.84
1015.69,93.93,281.34,478.55
1016.08,93.36,280.54,477.03
1016.46,93.02,279.8,474.82
1016.85,93.21,280.69,474.08
1017.24,92.64,280.08,473.96
1017.62,92.66,280,473.4
1018.01,93.08,279.09,471.53
1018.4,93.74,280.43,472.68
1018.78,93.29,278.58,473.17
1019.17,91.89,276.15,471.91
1019.56,91.27,275.62,469.96
1019.94,91.51,276.68,468.31
1020.33,92.38,278.64,467.07
1020.72,92.09,276.94,465.51
1021.1,91.62,273.85,463.23
1021.49,91.79,271.59,463.41
1021.88,92.33,271.77,462.67
1022.26,91.67,272.4,463.11
1022.65,91.92,273.09,461.88
1023.03,92.44,271.43,460.24
1023.42,93.06,271.98,457.74
1023.81,92.5,271.66,457.01
1024.19,91.07,269.34,454.06
1024.58,90.18,270.71,455.9
1024.96,90.73,272.37,455.71
1025.35,91.6,274.6,456.28
1025.73,91.94,274.3,455.89
1026.12,90.72,271.95,454.93
1026.5,90.92,270.43,453.84
1026.89,91.16,271.71,453.63
1027.28,90.47,273.99,450.95
1027.66,90.76,273.5,451.81
1028.05,91.15,271.84,451.71
1028.43,92.03,270.19,450.58
1028.82,91.15,270.78,451.43
1029.2,89.31,269.59,452.36
1029.59,88,270.28,453.39
1029.97,88.75,269.63,454.31
1030.36,89.7,271.44,450.41
1030.74,89.8,268.97,451.15
1031.13,88.8,265.54,450.51
1031.51,89.04,263.62,450.85
1031.89,89.74,264.38,450.46
1032.28,89.28,268.74,451.3
1032.66,89.7,268.66,453.44
1033.05,90.31,266.18,454.5
1033.43,91.27,264.23,452.7
1033.82,90.77,265.39,451.99
1034.2,88.49,266.86,454.08
1034.59,87.51,266.76,454.01
1034.97,88.35,265.06,453.17
1035.35,89.73,266.32,452.98
1035.74,89.93,265.67,455.22
1036.12,89.07,261.84,456.13
1036.51,89.06,261.51,453.45
1036.89,89.65,263.47,450.74
1037.27,89.1,266.81,450.56
1037.66,89.58,265.69,450.46
1038.04,89.66,261.53,449.58
1038.42,90.7,256.54,446.74
1038.81,90.21,258.35,449.24
1039.19,87.94,259.85,448.4
1039.57,86.55,258.86,447.95
1039.96,87.51,257.17,445.62
1040.34,88.81,257.23,443.52
1040.72,88.82,259.07,443.8
1041.11,87.61,256.22,440.81
1041.49,87.07,256.21,435.33
1041.87,88.08,257.81,437.88
1042.26,87.9,262.3,438.67
1042.64,88.26,260.5,440.45
1043.02,89.04,257.03,438
1043.4,90.36,253.93,436.97
1043.79,89.44,255.7,438.09
1044.17,87.07,261.21,437.12
1044.55,85.7,261.59,432.4
1044.93,85.84,259.03,434.33
1045.32,87.62,258.61,435.08
1045.7,87.05,260.24,436.81
1046.08,85.75,259.74,436.84
1046.46,85.82,259.98,436.01
1046.84,86.41,259.54,438.68
1047.23,86.26,262.96,441.26
1047.61,86.71,261.09,437.75
1047.99,86.66,254.09,439.23
1048.37,88.57,253.43,439.86
1048.75,87.55,254.28,441.46
1049.14,84.85,259.98,443.25
1049.52,83.62,259.09,442.09
1049.9,83.82,253.54,444.74
1050.28,85.56,251.07,446.03
1050.66,86.25,253.76,444.09
1051.04,85.03,255.09,443.88
1051.43,84.79,254.72,443.94
1051.81,85.7,253.07,444.34
1052.19,85.51,255.05,443.92
1052.57,85.99,255.33,442.32
1052.95,86.44,250.22,445.85
1053.33,88.38,250.22,446.1
1053.71,86.95,255.06,441.33
1054.09,82.73,259.13,437.09
1054.47,80.74,258.38,436.41
1054.85,81.97,253.88,434.55
1055.23,83.64,250.92,434.29
1055.62,83.27,253.46,429.74
1056,81.21,254.31,433.96
1056.38,81.51,254.86,434.42
1056.76,83.28,252.78,433.58
1057.14,83.4,252.3,428.41
1057.52,83.48,253.42,427.22
1057.9,84.42,250.23,425.99
1058.28,86.71,250.49,423.02
1058.66,85.12,251.82,418.51
1059.04,81.65,255.71,423.5
1059.42,80.31,252.26,426.48
1059.8,81.85,244.64,427.67
1060.18,85.75,242.33,425.95
1060.56,85.89,245.41,425.69
1060.94,83.55,249.22,424.92
1061.32,83.04,250.09,423.89
1061.7,84.6,247.45,414.7
1062.08,84.19,244.65,417.98
1062.45,84.06,246.19,418.32
1062.83,84.02,243.97,422.14
1063.21,87.51,245.65,420.68
1063.59,86.44,245.35,420.31
1063.97,81,246.65,423.27
1064.35,79.08,243.55,423.84
1064.73,79.96,236.68,414.72
1065.11,83.51,237.05,415.91
1065.49,83.17,240.26,417.46
1065.87,78.96,246.75,417.83
1066.24,77.94,245.42,417.88
1066.62,79.79,242.17,418.49
1067,79.94,235.31,419.96
1067.38,80.58,238.33,421.05
1067.76,80.26,240.79,415.08
1068.14,83.44,241.05,411.4
1068.52,81.94,237.61,413.19
1068.89,75.63,239.89,413.61
1069.27,72.7,240.75,411.18
1069.65,74.72,236.21,410.96
1070.03,79.16,238.69,417.71
1070.41,78.7,243.46,418.07
1070.78,75.16,249.7,414.92
1071.16,73.39,248.4,406.48
1071.54,76.05,240.83,408.14
1071.92,76.79,238.06,407.01
1072.29,76.89,239.07,404.49
1072.67,77.1,244.38,401.2
1073.05,81.97,244.6,409.87
1073.43,82.18,239.18,411.55
1073.8,74.8,238.56,412.43
1074.18,74.73,241.85,403.53
1074.56,78.27,236.19,402.34
1074.93,83.91,238.57,400.85
1075.31,83.97,239.31,397.44
1075.69,78.44,241.68,385.84
1076.06,76.28,239.54,392.1
1076.44,78.45,227.44,394.43
1076.82,79.88,225.12,399.41
1077.19,81.32,227.11,395.61
1077.57,80.05,234.23,394.33
1077.95,85.45,236.86,394.27
1078.32,85.57,234.75,393.77
1078.7,76.37,232.16,378.79
1079.08,74.66,235.51,386.37
1079.45,77.01,238.02,388.92
1079.83,80.89,237.17,394.24
1080.2,79.2,236.03,391.26
1080.58,72.06,240.2,393.93
1080.96,68.79,237.93,396.55
1081.33,72.74,227.2,398.83
1081.71,74.23,227.63,384.33
1082.08,75.69,232.88,384.26
1082.46,74.09,244.16,383.91
1082.83,79.17,243.46,388.17
1083.21,79.04,235.39,390.02
1083.59,70.21,223.62,390.03
1083.96,69.09,223.88,395.3
1084.34,72.53,229.97,398.02
1084.71,77.74,228.74,386
1085.09,76.68,220.11,382.48
1085.46,70.3,228.23,385.26
1085.84,67.52,231.23,388.47
1086.21,71.94,220.49,388.67
1086.59,75.46,222.6,384.83
1086.96,77,226.24,393.54
1087.33,75.01,234.63,398.11
1087.71,80.69,231.37,392.75
1088.08,80.37,219.54,382.23
1088.46,70.29,213.85,380.17
1088.83,70.93,217.8,377.65
1089.21,73.72,228.22,375.66
1089.58,80.46,232.22,364.63
1089.95,78.08,226.01,380.12
1090.33,70.69,228.69,384.62
1090.7,65.26,233.67,381.03
1091.08,70.11,223.07,367.54
1091.45,73.92,222.83,364.24
1091.82,74.48,222.36,356.21
1092.2,71.98,224.66,351.17
1092.57,73.88,216.14,333.03
1092.94,73.43,200.27,342.69
1093.32,64.22,196.05,344.78
1093.69,63.81,198.26,350.95
1094.06,67.95,211.91,340.89
1094.44,73.33,214.18,342.22
1094.81,70.52,209.21,340.85
1095.18,59.63,200.36,341.08
1095.56,53.16,205.4,316.56
1095.93,56.25,205.43,322.82
1096.3,61.8,205.17,326.3
1096.67,61.21,197.39,332.31
1097.05,56.94,204.99,326.46
1097.42,58.95,205.04,330.63
1097.79,59.59,196.92,334.24
1098.16,51.21,204.86,338.8
1098.54,54.57,215.62,314.11
1098.91,56.54,231.53,314.99
1099.28,66.59,225.58,317.99
1099.65,63,210.9,314.98
1100.02,51.29,202.37,310.49
1100.4,0,0,0
1100.77,0,0,0
1101.14,0,0,0
1101.51,0,0,0
1101.88,0,0,0
1102.25,0,0,0
1102.62,0,0,0
1103,0,0,0
1103.37,0,0,0
1103.74,0,0,0
1104.11,0,0,0
1104.48,0,0,0
1104.85,0,0,0
1105.22,0,0,0
1105.59,0,0,0
1105.96,0,0,0
1106.33,0,0,0
1106.7,0,0,0
1107.07,0,0,0
1107.44,0,0,0
1107.82,0,0,0
1108.19,0,0,0
1108.56,0,0,0
1108.93,0,0,0
1109.3,0,0,0
1109.67,0,0,0
1110.03,0,0,0
1110.4,0,0,0
1110.77,0,0,0
1111.14,0,0,0
1111.51,0,0,0
1111.88,0,0,0
1112.25,0,0,0
1112.62,0,0,0
1112.99,0,0,0
1113.36,0,0,0
1113.73,0,0,0
1114.1,0,0,0
1114.46,0,0,0
1114.83,0,0,0
1115.2,0,0,0
1115.57,0,0,0
1115.94,0,0,0
1116.31,0,0,0
1116.68,0,0,0
1117.04,0,0,0
1117.41,0,0,0
1117.78,0,0,0
1118.15,0,0,0
1118.52,0,0,0
1118.88,0,0,0
1119.25,0,0,0
1119.62,0,0,0
1119.99,0,0,0
1120.35,0,0,0
1120.72,0,0,0
1121.09,0,0,0
1121.45,0,0,0
1121.82,0,0,0
1122.19,0,0,0
1122.55,0,0,0
1122.92,0,0,0
1123.29,0,0,0
1123.65,0,0,0
1124.02,0,0,0
